CustomerID,FirstName,LastName,Email,Phone,Address,City,Country,BirthDate,ProductID,ProductName,Description,Price,TransactionID,CustomerID,ProductID,Quantity,SalesDate,Price
6f05fab2-7267-4bd9-afb7-1e2f34b95223,Carrie,Sandoval,hudsonlauren@example.net,+1-970-301-6585x54864,"7247 Megan Inlet Suite 534
West Anna, IN 31667",New Andrewville,Japan,1949-08-09,1f6a688b-0987-4988-8fb7-38524b0ded2a,wear,"Foreign president material hear wrong. Simply write red hold.
Whole set ball name front measure its. Half face thing across street him road. Turn take foreign.",152,638f8293-794f-486c-b0e8-135845edc8c0,343286c1-7a82-4e17-801e-1655019e4ea1,45d20bde-2292-4e26-91c3-fb1849c8b3ec,4,2023-07-20,662
b5813760-9ffd-4615-bb6b-728e488309b7,Karen,Rasmussen,jennifer35@example.org,644-382-8859x375,"44767 Martin Fields Suite 669
Kellychester, ID 13173",New Kimberly,Palestinian Territory,1994-08-09,11eb13e0-a053-4295-802c-baec9ba30d49,receive,Entire ok blood include owner community what. Fill dog administration recognize rest. Short history consumer them fill mind school than.,580,9aa8f35f-a3e6-4f72-9c09-af501760e6a9,0072013d-2055-421f-aaad-55d8540ddacf,379bc63d-b466-4ac3-b219-aca40185fe0b,7,2023-06-11,292
25d63adb-2be5-4e19-a405-ea32e0942797,Jennifer,Guerra,medinadestiny@example.com,+1-799-859-1033x4702,"27622 Williams Locks Suite 745
Mendozaview, AS 05943",Andersontown,Greece,1971-09-18,45d20bde-2292-4e26-91c3-fb1849c8b3ec,bring,"In knowledge produce live computer knowledge. No her budget coach last leg.
Large reason black. Adult budget impact throughout air. Team position message wife father but total top.",707,5dfb3702-2a5c-454c-89be-5eeb06109d6f,37b93f7d-3a83-446a-944a-6080962fbee2,28a76047-3758-409d-bea6-4d38692dc100,8,2024-04-01,18
6b1e67a9-0488-4250-a4a4-5267e80a6782,James,Chavez,nbrooks@example.com,206-948-4138x590,"8421 Ricky Falls
Kylefort, PA 95772",Wendymouth,Puerto Rico,1976-02-02,70fe281e-72b1-4d59-be5b-e24d16048309,onto,"Data hair let enter tonight north value happen. Reduce threat just free other even. Couple treat institution strong.
Black study traditional cultural sit let. System really fire trouble.",31,de0b8f6e-8688-4ae5-905f-06cd7b08ea7e,a2982c13-5e51-4417-a1f1-4ecf978fa6cc,6f9d205b-92bd-4716-9982-d13c0c2dd6c9,3,2023-06-20,444
2e248a16-da47-45c2-ba4c-43e3ab426b9a,Christine,Johnston,wwilliams@example.com,001-924-349-8885x32534,"Unit 1825 Box 1955
DPO AP 46517",South Mark,Puerto Rico,1964-07-19,c67cd2b9-288b-450a-a4ba-7a3896466ffd,trouble,Prepare radio article. Imagine mention eight agree growth. Truth defense market goal response along television. Return card evening imagine beat your watch citizen.,859,5db1016a-00a1-4320-acae-23985d6c2218,3d123818-04e9-4378-bdf9-dfe604e4d219,45d20bde-2292-4e26-91c3-fb1849c8b3ec,1,2023-09-08,300
9b944dba-8093-4495-9fb8-05252e592e0e,Paul,Chapman,melissabrown@example.net,785.662.2574,"USNV Cunningham
FPO AA 01081",Katherinestad,Netherlands Antilles,1948-07-02,c5f18a24-182d-4964-9db9-bd62877335d1,someone,"Move garden past represent hotel or. Mean long imagine part be. Hit another yes health fish not.
While edge physical trial air into boy. Minute offer suffer owner after price.",672,699973b4-99de-4a94-a6cf-7d449de27a98,6f05fab2-7267-4bd9-afb7-1e2f34b95223,c40eabdd-cf2b-40ea-b698-fa69f81c89dc,5,2023-07-09,470
4eff4bdf-d856-43e0-97d1-4f249fff0b19,Vanessa,Henson,lisalewis@example.net,(691)706-5723,"6878 Bender Fords Apt. 118
Douglasmouth, PA 44741",South Alexandrafort,Argentina,1992-04-28,2014a488-2869-4bbe-aada-3142bce7257c,director,"Occur station media near place political control. Always near fact.
Car possible create.
Yes audience food foot camera size boy. Technology show grow nor contain kid yeah.",485,4e2c2e9b-c378-4a43-9a55-1573e64d70a2,d4fc6fbd-0043-46a5-891b-8ed913e25f5f,a35b839c-b353-425a-bcec-18f68ff93fde,3,2023-08-08,571
eb4ca029-ab76-4899-a78c-5024c3affa2c,Chloe,Dunn,laurieconley@example.net,(498)652-4110,"199 Jennifer Underpass Suite 494
South Jacquelinechester, NH 81048",Ashleychester,Denmark,2005-07-04,86dd82c3-f0cb-4cff-93c1-7804a3dc2334,garden,"Yeah tree term indeed every heart. Training box system each room.
Financial air happen boy. Inside up president anyone. Start officer left recent.",533,a322fd00-3d95-402d-8390-892034cc7602,f01a754e-919a-468a-8f60-b792c3b31314,5a27ac9f-ed4c-44bb-bb32-7df7428c5050,3,2024-03-31,606
e5e8347d-24d3-40bd-b7b9-bdb46b88a5f4,Bryan,Thornton,anita44@example.net,001-342-364-8645x228,"779 Matthew Corner Apt. 716
Davisfort, GA 22585",New Jeremymouth,Timor-Leste,1985-11-15,10dda95d-e340-460e-901f-80a016383e79,how,"Ability tree shoulder check evening. Baby fire future head growth pass player.
Shoulder positive current most.
When sort too social arm. Situation study fine.",476,93c38b39-3d0c-45c0-8ad7-e379aae871f8,fbc9d968-cf96-4873-9253-fea0ef095fb5,5a27ac9f-ed4c-44bb-bb32-7df7428c5050,4,2023-07-01,485
8022f4a0-51ed-46c9-bcab-47a8a099006b,Pamela,Marshall,michael03@example.com,+1-918-952-2220,"306 David Square Apt. 136
East Christina, DC 85748",Rogersbury,Mexico,2005-06-04,18880442-4edc-4620-aeda-ada6da48df21,several,About their technology hand area service. Material old across prepare remain whose.,381,8ab02f8d-5cf1-48f9-a2b8-df85ff69f0ca,b5813760-9ffd-4615-bb6b-728e488309b7,1fa06db3-0a43-4c32-8452-eb62006e5b87,9,2023-06-07,641
49344d21-a719-46bb-804b-3d55d344ff0b,Ann,Dickson,laurablankenship@example.org,(413)641-3477,"PSC 0388, Box 2086
APO AA 83366",Mossville,Guam,1992-04-01,4266dfec-defa-42ed-94e1-6849a36ee89f,direction,Then order evening off of her ok. Stop blood establish hold difficult among song marriage. Base but apply development. Early mention investment site network call culture time.,132,62b326bc-0f52-4b8f-a8c7-081128170f60,45035284-ffb2-4050-a1a0-0ba365c3b387,394c3705-c769-49d1-aaa7-15457686f712,9,2023-09-11,360
f61fd243-3b4c-4c81-a179-dc29495fa0d0,Brenda,Hebert,roberthayes@example.net,(986)489-8788,"6508 Smith Rest Suite 541
East Jennifer, AR 02607",West Kevin,Marshall Islands,1943-09-01,7a0fe983-b1af-43df-a9bc-07d0d53817ab,act,With artist explain million deep huge. Just something way hotel learn. Six whose effect experience finally.,190,9911df6b-9f19-4abe-b3e8-ef704eff1b47,b7793096-5c8f-411c-ba77-6aef2c9a30e8,d44ff95d-e349-488b-b268-97f533fb0595,1,2024-04-01,294
27ef2a9d-4389-4e33-9cbd-5f8fd4ee9058,Joshua,Campbell,jaustin@example.net,249-401-8778x6819,"792 Johnson Pine Apt. 915
Smithview, LA 15411",West Wandaview,Mozambique,1974-12-22,6cdd97a3-e764-46b2-a645-ac51c8fe1d1f,long,"Theory gun century feel use. Fish establish clearly western.
Will economic look music the.
Then moment find firm safe knowledge. Employee down much morning democratic. Something too they ago.",759,bf1e6741-3f3b-427c-ab48-fb8e5dc30964,a2982c13-5e51-4417-a1f1-4ecf978fa6cc,b082510c-e1e9-4d68-b822-399d9e8f4e9b,1,2024-01-19,134
b6112713-f537-47ea-8701-30e07f8b2af7,Caroline,Rose,wmaldonado@example.com,9357300921,"60409 Shannon Squares
South Tannertown, PW 01010",New Richard,Tuvalu,1989-03-23,4437f160-1a2a-46bc-a6c3-954932417425,thousand,"Very impact let voice. Somebody door financial.
Get future price strategy true look. Tell account for involve there eye. Would power whole fly political edge example.",65,3521ea81-3b18-488b-9634-8020c68e14c7,45035284-ffb2-4050-a1a0-0ba365c3b387,30adc25a-ff5c-4832-927f-bae192f2b2f9,10,2023-08-29,101
5e560ccb-c694-4060-b158-681fabe7f536,Mary,Crawford,nwright@example.org,001-870-634-7090x772,"2627 Williams Locks Suite 300
Baileychester, WV 86913",Snyderchester,Sudan,1971-12-23,37a38fc7-dd1c-488a-9d4d-2056fefadd06,which,Last like economy attention car detail. Tend career expert only reason course. Throughout candidate popular how movement letter born or.,175,3cbdef5b-7a1b-4f53-9b94-f303e3418684,3d4820b3-3dd0-4202-9ff5-7d891e150205,4266dfec-defa-42ed-94e1-6849a36ee89f,10,2023-10-03,775
9bafde93-bab0-4cf4-a7bb-f42ac85fc714,Brett,Maldonado,debraortega@example.org,877-658-0396,"10087 Sharp Fords Suite 857
Brownburgh, NJ 97997",East Autumn,Norway,1968-05-01,132e9e1e-4d74-49d5-9635-37d82bc3fc28,something,"Explain audience scientist really road show.
Positive great coach along whose. Green box rather store.",662,02987012-a85c-4d6e-a9bd-316c3c3d1c83,a3537086-63cb-4df2-9792-7f5b470bef65,68bf39fa-a01b-4c7f-81cb-0749b7138993,10,2024-02-27,557
0791a032-f5c5-4cb3-9abe-6a62fad9204f,Daniel,James,kristen05@example.net,+1-316-573-1858x1205,"6965 Lee Bypass
Olivialand, MP 25267",Millermouth,Bahamas,2004-02-29,bcdfa1b7-2263-4514-946a-e4d64f2d5c8e,list,Second street remember debate very surface. Simple matter fight behind since structure herself word.,279,816f844e-fc2d-4df5-9ca1-4b2764ce8c9b,7567aecf-28eb-4710-baf2-675cc38df540,21f19d10-b7be-443d-b924-30cea507e51d,5,2024-03-26,946
45035284-ffb2-4050-a1a0-0ba365c3b387,Christopher,Pierce,yburke@example.org,673-287-0551x2281,"7870 Pamela Islands Apt. 694
Brucemouth, VA 05974",Shannonshire,Bhutan,1946-12-16,9104617f-bb30-488c-8b2d-8d875d3df064,leg,Four during old dark before fire. Rise partner if would very cup. Actually along offer process real painting plan.,887,7b996d6f-29ce-4e43-87dd-2971543ba8cf,ba2fb64d-2698-46b1-abde-a81caed1987f,c5f18a24-182d-4964-9db9-bd62877335d1,3,2024-03-04,771
c417ad22-023c-44ed-8a52-54af9678e156,William,Strong,onealamy@example.org,001-506-603-8144x7384,"5440 Chad Islands Suite 710
Lake Cassandraburgh, DE 66834",New Adriana,Christmas Island,1947-07-20,ece92755-24c6-4ea0-8468-cb1ada6280fb,learn,Decision family woman. Why choose myself information commercial believe. Know always cultural customer.,367,1f1d09c7-3ee1-4bd4-bb1e-42cf07b5041a,d4fc6fbd-0043-46a5-891b-8ed913e25f5f,11eb13e0-a053-4295-802c-baec9ba30d49,4,2024-02-25,485
cc6b908b-31b2-4f4c-83f4-161e8166ed6a,Kimberly,Parker,shelleyturner@example.org,(592)820-3589x53122,"37221 Williams Village Apt. 751
New April, KS 92627",Christianview,Nigeria,1997-03-02,03184987-4022-4e91-a79f-926130a3bb81,form,Of again two. Pick short question just fine couple good. Past ago town each deep will spend.,783,3768aa93-5dc7-4a90-bc3f-1a43c84c89aa,b6112713-f537-47ea-8701-30e07f8b2af7,223a9937-461f-4b1f-90d9-1bd66c6b75e3,2,2023-10-14,759
5fe4c50d-32e6-4d15-88e9-20a9af121caa,Scott,Rodriguez,nicolegonzalez@example.com,(469)691-6702x952,"USCGC Terry
FPO AE 47092",New Lisachester,Kiribati,1984-07-10,c6dd85ed-8d58-4d45-9757-f4b9a276743a,worry,Clear gun will into enough article ahead. Argue heavy impact decision. Responsibility list support often site school suddenly.,193,21ee00db-8e90-479a-b2c7-489a39aa7b6d,5a0ea1b9-9cbd-45b0-b9a8-516be7baf6f7,d44ff95d-e349-488b-b268-97f533fb0595,4,2023-09-26,491
0072013d-2055-421f-aaad-55d8540ddacf,Justin,Hunter,jessicapierce@example.org,836-243-5897,"48534 Sandy Drives
Christinetown, MH 99587",West Brenda,Andorra,1965-05-01,4c345efd-94ed-4c65-8777-6e7c6a1d031b,realize,"Doctor resource strong alone kid number understand.
Street game east service general. Firm the head magazine or candidate future themselves. Cover assume work beyond suggest.",111,1bbdb0d6-606b-4bcf-83a1-63b1e0b0c7d4,11399584-cb9a-4a80-8f8b-6433b7855697,132e9e1e-4d74-49d5-9635-37d82bc3fc28,5,2023-07-22,177
add5d301-e6f5-42a5-a0cd-c1d8761ff5bd,Stacy,Long,dhernandez@example.org,(594)263-7038,"8172 Anthony Fords
New Michelle, NM 10068",Lake Travismouth,Colombia,1964-03-02,2bbf9376-87ce-4ed6-be22-98c6c85b2865,those,Site test sea thought few. Mouth collection bank than doctor. Wait let enter television rich know interest Mrs. Environment suddenly pressure conference oil affect seven.,55,abc6125a-1564-4013-973d-faa10414414d,8fb3cf74-0b28-476d-85a2-759b3dd1fe8c,4437f160-1a2a-46bc-a6c3-954932417425,10,2023-09-03,571
9cdcebe4-8263-4709-9784-22b9c177b60a,Rhonda,Ho,tmatthews@example.net,463.817.6517,"3398 Joshua Expressway Apt. 595
Port Williamchester, MS 35897",Rogersside,Hong Kong,1980-03-02,b07c1362-2d50-45d4-b486-50e56117edcb,industry,"Figure former herself argue. Into behind right enjoy admit south wind.
Sit when feel none can shake. Bad morning experience energy again list old watch.",20,a646e826-01d2-422a-a041-15001fc79e41,27ef2a9d-4389-4e33-9cbd-5f8fd4ee9058,28a76047-3758-409d-bea6-4d38692dc100,9,2023-11-15,92
9c84993c-3c4f-4729-ad22-89f4f3fd8234,Veronica,Smith,fray@example.com,+1-990-962-1276x557,"2700 Grant Camp
Destinyborough, MP 72159",Juliaburgh,Denmark,1951-05-01,ac9405f8-e9e2-4ccd-a0c7-3e70eee9d6d3,should,Describe good people reveal box. Tend still me ball live particular establish much.,775,6e9ac302-f105-4b4e-8a9a-e6fb82d1d263,dec41a19-44c2-4c6b-9110-127cf2726ec6,9104617f-bb30-488c-8b2d-8d875d3df064,10,2024-03-14,887
cd86d534-baa1-49fa-bbfb-82f00d6c6a55,Julie,Stewart,aaron55@example.org,001-818-383-2977x1895,"76177 Meghan Passage
New Adamfurt, AZ 32023",West Kimberly,Taiwan,1973-11-12,a5eb3afa-9923-4a92-9c70-1f487c3fc33e,quickly,"Government firm economic boy sound maybe.
Its on seven.
Game anything beat for eye discover. Effect doctor beyond reason relate individual true.",710,c1f606ac-365b-477d-8643-f9fabebb7d25,f3aa6428-0a5a-4149-b9f7-b3db773f64c2,902e87ca-28f9-4382-8f03-24922f9a54c0,10,2023-10-28,662
f01a754e-919a-468a-8f60-b792c3b31314,Aimee,Johnson,john04@example.org,815.242.7642,"43038 Lynn Fields
West Kimberly, NV 05837",Lopezview,Wallis and Futuna,1946-04-25,20d168a8-38d6-4f4f-94ac-55fb5953ed09,consider,"Indicate however require particular describe police meeting under. Forward young say several. One deal myself hundred sea wait impact.
Authority set accept certain magazine.",392,cb983aa3-1119-4ce3-a299-c881429b9f2c,f61fd243-3b4c-4c81-a179-dc29495fa0d0,a6dc6c4c-b7a1-41ed-84c8-de73dd2ae1dc,3,2023-08-25,963
232a0a44-6012-4511-8d14-e9c9fb80771a,Barbara,Hernandez,bauerdaniel@example.com,+1-331-228-1587,"078 Tina Center
Glennbury, WY 71036",West Kaylaton,Wallis and Futuna,1956-06-23,603b0b15-a690-4cc5-b732-5c6e97725a45,she,Military social none next garden along shoulder. Speech learn three move hair bill series.,300,2b8f538c-feec-4e3e-879e-525ebeb430b9,32a581fc-5392-49fe-b22c-a0dec5404a8c,ece92755-24c6-4ea0-8468-cb1ada6280fb,2,2024-01-30,374
3fab6d85-463f-4095-badd-0779b8eb9d93,Kristine,Flores,lferrell@example.com,(399)730-4655,"7497 Delgado Light Suite 433
Ramosfurt, VT 96929",West Benjamin,Russian Federation,1955-11-20,0ee11fcc-2ac3-4844-8ba1-0fccc2be4345,base,Democratic science in everybody plan. Detail company can simple affect heavy. Series wall window only wife tree.,400,67adb596-333a-4b35-948d-6f188ee4e482,2e942d70-558f-4b37-b6e4-4c31aceb41ac,36845759-4702-4545-8daf-4df0f287a80e,5,2023-09-22,111
132d4efc-2224-4514-b91d-99bfbf1ef48a,Terri,Baldwin,haysdoris@example.net,(229)868-9221x506,"9114 Ryan Views
Taylortown, SC 33571",Kevinbury,Jersey,1971-08-02,2efc0c9f-80bd-4b81-86c3-916c4e5ba5d0,responsibility,Rather race full call last us special. Security her receive policy inside great determine. Also kind hair building American west lot.,681,5e21ec1a-c82e-45e5-b3d0-f6c5c7dc123e,cd86d534-baa1-49fa-bbfb-82f00d6c6a55,74485f3f-84a8-490c-8cbf-a6e7313894fb,5,2023-05-25,38
c7002480-cebe-4474-a190-7f7aac67e097,Christopher,Scott,bmartinez@example.net,352-277-7040,"Unit 6824 Box 3762
DPO AA 54741",East Brendaville,Romania,1953-09-17,cc212c84-88da-4d33-aabe-28b27f558d74,citizen,"Half although deep. Citizen truth beyond PM.
General make about management. Teach prepare lay management manager skill camera event. Writer provide word debate myself eat.",926,82843d21-c0c0-4882-9996-d365b5b939cb,3b877cf3-f2b3-46c1-aa7b-7660953ed961,bcdfa1b7-2263-4514-946a-e4d64f2d5c8e,4,2024-02-11,128
f8683ae6-4811-4a21-af9c-c5937a7bb98e,Karen,Greene,jonesdavid@example.com,217-808-2295x93422,"PSC 7212, Box 7876
APO AE 74432",East Sandraport,Falkland Islands (Malvinas),1964-10-08,969f2b4b-837b-4a53-81b2-d047e738bf2a,serious,Policy prove weight affect effect at. Receive change hand onto road sister paper major. Today visit decide when bed give.,648,0fbd2637-3f2f-4425-8631-96a58dabd00c,ba2fb64d-2698-46b1-abde-a81caed1987f,30adc25a-ff5c-4832-927f-bae192f2b2f9,1,2024-02-13,381
581cfb27-ca43-4cd2-9694-829db044e77a,Ernest,Williams,bryantjustin@example.com,001-515-795-6425x05619,"USNV Raymond
FPO AA 29944",Annaview,Comoros,1951-03-06,a35b839c-b353-425a-bcec-18f68ff93fde,one,"Generation follow source who. Blue other note performance admit front better. War similar pattern light.
Thing son time should too buy. Check control value herself support.",294,f48f3675-d3c5-40fe-9f37-fd741f040e28,5fe4c50d-32e6-4d15-88e9-20a9af121caa,30adc25a-ff5c-4832-927f-bae192f2b2f9,4,2023-08-10,569
340a731e-2552-4c7f-997e-6cd3744b838a,Stephen,Horne,kmills@example.net,+1-716-671-0608x736,"014 Mark Gateway
Lake Brendaland, NH 67818",West Frederickport,Bahamas,1982-08-24,96c426e0-bd51-483a-913d-cb190e50202b,record,"Goal alone national what form. Policy authority she commercial understand who serve. Necessary on body.
Play lose culture include painting whom something.",257,51a175b0-9c1e-4a0e-8043-695bdf7418b9,be94c8e0-a423-41e9-a010-e4d5b881167b,a35b839c-b353-425a-bcec-18f68ff93fde,4,2023-10-05,169
5bc5ce3b-b3df-4589-97bf-cb2564ec9843,Derek,Kaufman,scott46@example.com,937-781-7216x4974,"13947 Taylor Pines
Irwinport, MN 31644",East Maria,Papua New Guinea,1974-05-26,83916624-d76c-484e-a4c8-b784cfe3d303,source,Space service respond wife if reason. Interesting minute store positive increase challenge. Share now follow major account.,78,9e2e09a9-73cc-46a4-a93f-2759f32189ce,28ee8a2e-2cca-45d8-8181-6965f4f17937,2014a488-2869-4bbe-aada-3142bce7257c,7,2023-07-18,300
2e942d70-558f-4b37-b6e4-4c31aceb41ac,John,Prince,vargastodd@example.net,503.946.1985x72870,"762 Heidi Cape Apt. 411
Lake Michelleside, TX 49567",Joyport,El Salvador,1973-08-15,d81bc22e-999e-46f7-a849-d4459311731d,material,Including lot material street support matter society. Whatever hundred mouth better tree. Office also task water.,741,456a2d19-4318-48ba-a7b6-72f4fa2ae5b5,27ef2a9d-4389-4e33-9cbd-5f8fd4ee9058,b082510c-e1e9-4d68-b822-399d9e8f4e9b,3,2023-11-26,662
9e343a0d-0198-48f9-9d24-9d7ad8d83ee2,Jonathan,Parks,rodriguezscott@example.org,001-201-415-9395x844,"0014 Wilson Forge
South Ana, CT 56452",Lake Scottstad,Cuba,1971-08-17,c40eabdd-cf2b-40ea-b698-fa69f81c89dc,her,"Eat miss wife item. Radio return evening sea with well want eye.
Measure pressure hope. Although day as night could south great.",606,d351aab8-727d-4e0c-be37-5f06168ec3b4,375bcf8f-5bea-45ef-859e-48a38ee106fb,c40eabdd-cf2b-40ea-b698-fa69f81c89dc,3,2023-08-03,547
76d98167-7896-423f-8c14-cb161f3a2061,Jason,Collins,xwalsh@example.org,(348)557-7234x4969,"4611 Andrea Plain
Josephtown, ME 71498",Lisaborough,Sao Tome and Principe,1957-07-27,28a76047-3758-409d-bea6-4d38692dc100,turn,"Community past whose throughout discuss end. Four stage stage his wonder security cost.
Hit newspaper save professor.
Term able dark here. Policy for in onto drive certain others partner.",18,c237133e-58a8-4b1a-bed9-54fbfb5cb001,5bc5ce3b-b3df-4589-97bf-cb2564ec9843,726b5bc2-a670-47c3-9ed5-1cd8ad9602a9,5,2023-08-04,570
c5c879ad-62ff-407c-bffb-cb353a75ee43,Julia,Levy,sloanrandy@example.net,253-692-7807x616,"94546 Sierra Fork Apt. 439
Tiffanyview, CO 72906",Lake Bryan,Gibraltar,2000-09-24,e63da1b4-ad06-476c-9ea0-104d7d8ce8aa,instead,Seem it claim administration close. Strategy power interest sort heart financial. Successful exactly far from blood.,444,8796aed0-5ae3-47db-996f-83fb1037074e,921e20c5-7180-4484-979d-47388a078aec,a22706ea-918d-46ea-a970-e81528be0e11,5,2023-09-12,641
767ad69e-a2d9-4e66-9e58-34283457a7bd,Sharon,Garrett,michael68@example.org,520.312.1427x644,"180 French Avenue Suite 636
North Patrick, MS 86968",North Joseph,Bulgaria,1988-02-19,902e87ca-28f9-4382-8f03-24922f9a54c0,at,Near face practice listen education shoulder. Million art she cell. To exist financial design country set.,332,311b976d-bc05-4aea-bde8-a20169cc55bd,6b1e67a9-0488-4250-a4a4-5267e80a6782,2a31001a-6238-41eb-86f7-71b86e0d180f,5,2023-06-11,783
e1b04b20-c79f-46a9-93ad-9ec8e9db1c44,Ricky,Mccullough,ycamacho@example.org,895.584.1855x1850,"USNS Hoffman
FPO AE 23900",Bryanport,Trinidad and Tobago,1979-03-14,f5432faf-65fa-429f-8248-55efac37482a,nearly,"Like black accept help represent.
Career job memory. Maintain very positive. Analysis dinner buy show officer.
Song heavy stay. Thought particular least certain organization hair effect.",536,d1abb519-9a9f-423e-857b-6ddf62d0ef46,3fab6d85-463f-4095-badd-0779b8eb9d93,132e9e1e-4d74-49d5-9635-37d82bc3fc28,4,2023-07-22,294
42780a7b-3785-445a-91cd-f3384ecbfb98,Robin,Jimenez,bzamora@example.org,512.693.8373,"USNS Hickman
FPO AP 61796",Ericville,Canada,1968-07-20,68b0adfb-1789-40f1-944a-7929372e983c,present,"Federal share baby keep suffer form.
Sign set work personal travel bad. However that lead born lose relationship.",547,bfb6a072-da49-48f8-aae2-ce8e015b1dd1,b6112713-f537-47ea-8701-30e07f8b2af7,e70be1bb-9004-4955-ab52-d444f99a47db,1,2023-10-07,92
7077c81b-d69e-413b-a6bd-88484d23d7b0,Tina,Watson,ediaz@example.net,001-871-850-9608x281,"350 Graham Station Apt. 606
Grayland, AK 24714",East Kirk,Albania,1997-01-23,637f080d-6bff-423f-97fc-7ff6d7202f28,them,Trade local daughter those above recent never. Control actually see entire. You at paper trip side seem plan.,128,d88fe6c5-9e7b-48bf-a8c6-d1345eb2bf97,000259d6-0cd7-42a9-94b8-55d3b88b8792,b9572a1d-5f2d-4605-9ed5-7eb8015ad500,4,2023-10-22,606
c963bd72-b55c-4995-a9c9-29df68df9f68,Brett,Smith,knoxamanda@example.org,001-940-872-1805,"0816 Elliott Passage Apt. 079
Port Williamfort, CT 83981",North Jonberg,Timor-Leste,1962-10-18,d44ff95d-e349-488b-b268-97f533fb0595,serve,"Fine finish star model dog.
Man opportunity beat ahead success.
Deal positive push all perhaps somebody. Process American owner get PM task.",306,cf8bebf7-5406-4c81-837f-205d90b8b476,0791a032-f5c5-4cb3-9abe-6a62fad9204f,f7272344-b84c-4717-a359-1d6b96648192,2,2023-10-12,946
375bcf8f-5bea-45ef-859e-48a38ee106fb,Shaun,Buck,carriemora@example.org,+1-337-685-2326x48882,"1148 Buchanan Ranch Apt. 021
North Anna, MD 93753",West Kristinamouth,Colombia,1963-09-04,fe59b110-d2fa-41a9-a4b3-098a70b25989,tonight,Believe bring who three affect short. Science situation turn this. Join believe religious sit worker.,351,522b01d9-2aae-40cd-ab76-8719c2d8445e,66940a7c-9655-46fb-8aeb-421ab5a30ea0,0a660884-ce6f-4acb-a657-9debb06f6cef,9,2023-10-21,306
37b93f7d-3a83-446a-944a-6080962fbee2,Cheryl,Chandler,pweaver@example.org,2577186690,"3152 Ryan Prairie Suite 565
Bryanchester, MH 29266",New Nathanborough,Botswana,1959-05-30,30adc25a-ff5c-4832-927f-bae192f2b2f9,suffer,"Her couple however particularly partner yourself manage. Voice child easy write.
Consumer bar condition order common red. Camera cold right financial several treat.",169,5e3da90d-a8f1-42e0-8028-bb93ea37442e,c7002480-cebe-4474-a190-7f7aac67e097,8fe82be4-4348-4355-b6fb-5d8b2ef5be5e,10,2024-04-25,934
cd42947d-fba4-495d-bb2e-abfb1d98d053,Ashley,Steele,graykevin@example.net,001-854-546-7077,"5232 Oliver Meadow
East Amy, OH 72319",North Angelabury,Lao People's Democratic Republic,1992-11-25,ce78e280-7ba3-4a21-9c17-6a4b5479dcdd,year,Step player majority similar especially compare turn tend. Safe education offer. Thank all crime get fight. Suggest only deep factor ten.,512,23d65747-f0fb-48af-a331-0d9cd8b5cc20,b7793096-5c8f-411c-ba77-6aef2c9a30e8,8fe82be4-4348-4355-b6fb-5d8b2ef5be5e,8,2023-06-11,485
68405fdb-081d-474a-9d06-b1ac4f9cc491,James,Kim,antonio39@example.net,970-303-9136,"6280 Andrews Valleys
East Michael, FM 17104",East Travisshire,United States of America,1945-05-17,1fa06db3-0a43-4c32-8452-eb62006e5b87,various,"Themselves resource ago thus choose analysis. You nice just particular player.
Argue stage under spring. From this include respond remain including degree. System left present him week.",360,08d97693-9188-4e87-af49-e5646726f03c,49344d21-a719-46bb-804b-3d55d344ff0b,83916624-d76c-484e-a4c8-b784cfe3d303,5,2023-08-26,306
fbc9d968-cf96-4873-9253-fea0ef095fb5,Briana,Perez,ecox@example.org,574-331-8997,"Unit 6708 Box 0798
DPO AA 61758",South John,Poland,1974-03-26,2a31001a-6238-41eb-86f7-71b86e0d180f,simple,Down bring analysis address lead expect fear. Too character well remember. But professional check onto important hour.,470,be9000b2-b1b3-4e02-b607-057241f0565c,0050a49a-edd5-466f-af47-b9b11571fc5e,c40eabdd-cf2b-40ea-b698-fa69f81c89dc,1,2023-12-02,92
0050a49a-edd5-466f-af47-b9b11571fc5e,Stephanie,Johnson,paulkeith@example.com,+1-747-815-1951x38682,"5603 Robert Islands Apt. 776
Port Joshua, WY 88107",Stephaniestad,Holy See (Vatican City State),1959-12-03,7ffae7e4-f5fc-4634-b928-9a4d6f43612b,need,"Kind movement site. Green air how best western beautiful. Even concern discussion even lawyer no.
Tell Mr little right response study billion. Story newspaper bank.",928,c41516d5-336e-4da0-b78f-a4a4b82a2263,232a0a44-6012-4511-8d14-e9c9fb80771a,223a9937-461f-4b1f-90d9-1bd66c6b75e3,4,2023-12-08,400
b074692c-c336-4981-ba90-7b61c7bd4927,Jamie,Nguyen,heatherflores@example.com,553-487-6080x668,"157 Heather Point
Jameshaven, AS 04120",Tracyberg,Luxembourg,1963-06-09,6bbb002b-d4f9-435a-bca3-d3a4b6e64641,their,Stuff to at involve else. Board Mr school remain. Perhaps experience like look by single.,934,b63ecf46-0728-41f9-989d-36195c46e9d0,2e942d70-558f-4b37-b6e4-4c31aceb41ac,ed43b04c-9f82-490c-959f-344a5049612f,1,2023-07-09,937
5a0ea1b9-9cbd-45b0-b9a8-516be7baf6f7,Casey,Ward,danielleparsons@example.org,001-426-468-3710x6926,"8751 Ryan Vista
Ericksonchester, SC 81944",Lake Amy,Haiti,2002-12-25,ed43b04c-9f82-490c-959f-344a5049612f,student,Pattern include edge seat employee guess stage significant. Himself economy from watch husband far himself. Certainly debate drug.,92,a28f7669-3e84-4530-b94a-724e5581ceef,e5e8347d-24d3-40bd-b7b9-bdb46b88a5f4,29b97031-0112-4941-ac50-d92ef54c5bec,2,2024-02-23,989
b83eda20-e9de-43c8-91de-e1beec31054e,Jennifer,Howard,pgoodman@example.net,238.451.3804,"26222 Tiffany Ways
North Sharon, AR 04342",Port Richardmouth,Cook Islands,1956-11-08,ced76824-f7dd-4b26-b061-418040fcc405,among,"Save long new alone language rich.
Paper address change thought change cover. Keep cup government entire modern produce. Outside down program.",355,48687a98-8c6d-4109-8b3d-fc73ffb63b4b,eb4ca029-ab76-4899-a78c-5024c3affa2c,2efc0c9f-80bd-4b81-86c3-916c4e5ba5d0,9,2023-11-25,989
32a581fc-5392-49fe-b22c-a0dec5404a8c,Sylvia,Perry,david48@example.com,+1-849-686-8425x897,"83618 Frazier Points
Westmouth, NV 48597",Saundersstad,Svalbard & Jan Mayen Islands,1991-11-19,536988e5-cf5e-4032-a4de-59d01ad8e6ca,single,"Everyone item our out program lay statement. Consumer maintain car theory international unit within. The control list reduce word through.
Nearly language main.",279,c25338ae-af98-4563-b487-8fde8d29ffc0,340a731e-2552-4c7f-997e-6cd3744b838a,45d20bde-2292-4e26-91c3-fb1849c8b3ec,6,2023-05-28,92
3d123818-04e9-4378-bdf9-dfe604e4d219,John,Roberts,kathleen22@example.com,324-226-5384x01204,"276 Salazar Turnpike Suite 078
West Beth, NV 72625",Lake Jennifer,Saint Vincent and the Grenadines,1945-07-19,c771729d-12ef-4b22-a14c-94258d043609,public,"Never beyond these. Toward paper occur join.
Something office us rich mean south.
Hand hit important believe. Skill page society describe. Feeling easy ground yourself social treat share central.",282,dad2425b-f674-4af1-b788-7afadc1ab34e,3d4820b3-3dd0-4202-9ff5-7d891e150205,f2703ee7-ae7d-4b46-8b3d-00656c0e0b71,2,2023-06-02,791
5c53f451-9c65-4158-ae63-b986b3e6e633,Melissa,Johnson,allenjeremy@example.com,001-504-274-1649x55483,"60397 Rhonda Lodge Suite 967
Riveraville, NC 44157",Port Kennethberg,Nicaragua,2000-03-23,36845759-4702-4545-8daf-4df0f287a80e,to,"Animal enjoy about free. Usually look full garden onto some determine statement. From one worry the.
Culture vote money actually assume choice.",472,00345f53-10fb-4176-9b86-ea9ff8dd3f36,0791a032-f5c5-4cb3-9abe-6a62fad9204f,7ffae7e4-f5fc-4634-b928-9a4d6f43612b,9,2024-02-19,217
3b877cf3-f2b3-46c1-aa7b-7660953ed961,Daniel,Hamilton,qmccarthy@example.org,(561)789-9026x98009,"32290 Choi Lakes
Jamesshire, AL 26664",Smithland,Belarus,1959-02-22,887ed4fb-127a-4226-9275-801f874f4213,him,"Continue success start hospital design. Mind alone report human sit property baby.
Action see base candidate. Work ground space personal her amount enjoy.",783,7c10fdba-95de-402c-8edc-d4ea9efe3bc0,340a731e-2552-4c7f-997e-6cd3744b838a,a22706ea-918d-46ea-a970-e81528be0e11,8,2023-10-06,292
2e15759c-8bc3-4bde-94cf-86e2164167fe,Rodney,Galvan,amy07@example.com,(526)303-5312x2892,"0440 Gray Underpass Apt. 836
Lake Kennethside, UT 43741",East Anna,Italy,1981-01-31,4a12b170-18ba-40fe-b7bf-d8d8dfc5c402,use,"Deal investment end section. Central protect each despite.
Mother yes region walk leave him certainly. Continue easy only mission agency media must to.",937,b71bb812-b37f-4486-902c-4f0899c56a98,49344d21-a719-46bb-804b-3d55d344ff0b,a6102315-a3ee-4d61-b824-3c04c1a3fcf2,8,2023-07-17,306
f6822ba3-cf33-4099-bbe4-7f57ebf0624a,Veronica,Owens,dmaldonado@example.net,+1-613-252-1457x21653,"332 Barnes Island
Matthewchester, NV 80755",Port Danielle,Mauritania,1967-05-31,3b4cf7fc-c46c-4b24-8c75-18039ed148ac,force,Support again finish president trial character hope. Care science industry beyond face bring maybe education. Able everyone spring reduce scene news.,431,44fcf271-fab6-4feb-b4ec-523122f8e7e8,dec41a19-44c2-4c6b-9110-127cf2726ec6,c67cd2b9-288b-450a-a4ba-7a3896466ffd,1,2024-04-12,217
81b80df6-c7ce-4258-b9dc-6674cb70eeb1,Tamara,Nash,ronald71@example.org,001-798-742-8834x956,"056 Kimberly Junctions
Dixonfurt, FL 56112",West Stevefort,Albania,1952-02-13,394c3705-c769-49d1-aaa7-15457686f712,sit,"Music dream perhaps conference officer property lot because. Speak goal player move.
Manage notice forget budget have worker including. Book city writer hotel then wind quickly paper.",124,e508f45c-6332-4b9a-8604-e27a05439530,5fe4c50d-32e6-4d15-88e9-20a9af121caa,d65a7c63-8f25-4fa1-8270-2b8b1296d1cc,9,2023-05-19,989
be94c8e0-a423-41e9-a010-e4d5b881167b,Valerie,Thomas,smithjoshua@example.net,544-509-5024x106,"485 Holland Square Apt. 365
Ericamouth, AK 63270",Christopherville,Niger,1951-10-24,68bf39fa-a01b-4c7f-81cb-0749b7138993,identify,"Share between central across meeting data meeting.
Go despite daughter respond how station. Share try hot whom.",374,9fdd016b-5089-4e81-98d4-afc1fea1b3ea,3b877cf3-f2b3-46c1-aa7b-7660953ed961,ced76824-f7dd-4b26-b061-418040fcc405,6,2023-07-21,697
f9ebaf1b-6256-4c4b-adaa-8ebff3b4f7f3,Jason,Leach,charleswalton@example.com,001-998-578-0531,"654 Nicole Rapids
Christinaborough, WA 13547",Port Jessica,Cocos (Keeling) Islands,1968-06-20,d65a7c63-8f25-4fa1-8270-2b8b1296d1cc,exist,"Product bit bag a. Cover yeah act history. Spring recently author true glass.
Artist stock two understand land pass green. Skill such treatment hear affect.",204,f51fb73a-0ed0-4022-a76c-a8216866c63d,3d123818-04e9-4378-bdf9-dfe604e4d219,4a12b170-18ba-40fe-b7bf-d8d8dfc5c402,1,2024-03-16,580
66940a7c-9655-46fb-8aeb-421ab5a30ea0,Kelly,Paul,ihenderson@example.net,+1-735-505-7102,"036 Gilbert Ferry
South Jay, MD 32216",Tuckerbury,Nigeria,1946-03-29,e76e7645-b6fc-4f55-b1e3-11f8e4ff5a87,writer,"Field yeah pressure. Stop thank positive sit thing board.
Woman wind concern stock. See data safe. Build positive protect themselves happy evening.",38,32d642d0-1a66-441d-bbc1-4ad91b584629,f61fd243-3b4c-4c81-a179-dc29495fa0d0,055f1d1d-37a1-4aaa-bdc7-917ff31405cb,8,2024-03-14,20
dec41a19-44c2-4c6b-9110-127cf2726ec6,Randy,Lynn,davidnixon@example.com,001-801-730-4885,"5991 Williams Mountains
Edgarhaven, TX 99190",East Deborahview,Svalbard & Jan Mayen Islands,1946-03-10,65ca15d3-cd77-48bf-94e4-43c720286362,sure,"Blue himself order first successful size often five. Rather sea similar someone step gas best. Report read loss billion step once.
Keep seven two our value them. Expert do building.",771,69e89948-7aea-4a43-abba-b2f86651bcb9,e1b04b20-c79f-46a9-93ad-9ec8e9db1c44,a35b839c-b353-425a-bcec-18f68ff93fde,8,2023-10-16,257
3e63d6cf-f123-471b-8ce7-daa3b50b4a44,Laura,Stevens,andrew05@example.org,(600)628-4975x8921,"8033 Shirley Crossing
West Katherineburgh, AR 08188",Janetside,Djibouti,1950-04-05,7483be80-8d66-4a43-b166-ae3e4d1bfa60,cost,"Care article black many. Few these different set debate cover father.
Write lose election positive maybe enjoy. Reality year surface detail true protect.",989,263adee7-8fec-4e88-b727-341b14371574,9e343a0d-0198-48f9-9d24-9d7ad8d83ee2,a22706ea-918d-46ea-a970-e81528be0e11,7,2023-06-01,477
16bf4aca-e701-478d-808a-72336777bd60,Kenneth,Baker,sextonjuan@example.org,429.778.2929x867,"44203 Brown Stream Suite 566
New Erika, MN 65614",Lake Bryanside,Christmas Island,1974-01-26,5a27ac9f-ed4c-44bb-bb32-7df7428c5050,require,North technology resource avoid reflect. Soldier tax student relationship deep scene provide. Message play anything off.,245,34f3a2b3-652c-4875-91e9-0398b40e7010,f3aa6428-0a5a-4149-b9f7-b3db773f64c2,2a31001a-6238-41eb-86f7-71b86e0d180f,8,2024-02-24,783
921e20c5-7180-4484-979d-47388a078aec,Tyler,Benitez,holmesstephanie@example.org,(714)392-1208x91662,"964 Luis Villages Suite 390
West Lydia, DE 00661",Fergusonchester,French Guiana,2001-11-10,21f19d10-b7be-443d-b924-30cea507e51d,bank,"Break goal necessary ready center. Authority his look. Institution professional section marriage.
Himself sport good. Natural use position tend game experience.",820,6c17e5a8-ab77-4c19-9407-f01a17227ccd,f6822ba3-cf33-4099-bbe4-7f57ebf0624a,4f3f99de-4e8d-46fe-bd69-d90e99badaa1,6,2023-11-03,710
f3aa6428-0a5a-4149-b9f7-b3db773f64c2,Susan,Edwards,karl42@example.net,+1-929-555-6685x591,"9400 Ashley Bypass
East Adrianfort, MP 30576",Murphyfurt,United States Virgin Islands,1973-11-14,9b019906-64aa-4bdf-ae8a-778170b8df97,another,"Effect PM agree anything law. Interest property agent center building activity PM.
East foot across hot bank drop still lose. Summer buy sport talk. Party parent speak sometimes drive raise able.",569,a6fd203c-ec51-4676-b206-9a98b7136a32,805aa589-2a01-4d93-b61e-6a88b80ed372,86dd82c3-f0cb-4cff-93c1-7804a3dc2334,1,2023-05-17,245
a3537086-63cb-4df2-9792-7f5b470bef65,Ann,Caldwell,deankathryn@example.org,405-863-8942x129,"91683 Daniels Dale Suite 796
Jonesbury, AZ 47402",Annamouth,United Arab Emirates,2000-05-04,68d137a7-8a3c-4396-b8f2-4d5882a7c858,local,"Always value authority mean natural wall them now. View factor blue sell.
Body concern natural future but first heart. Vote road herself exactly woman.",32,468a1e73-ebd2-4eff-b6ba-7697d8ad211e,2e942d70-558f-4b37-b6e4-4c31aceb41ac,2bbf9376-87ce-4ed6-be22-98c6c85b2865,1,2023-08-01,129
6ea86014-2af4-466e-a427-4bf548ad581d,Allison,Vargas,xfischer@example.net,001-209-962-9395,"1961 Michael Village
Lake Ashley, MD 81932",West Charlesbury,Jersey,1996-06-29,f7272344-b84c-4717-a359-1d6b96648192,personal,"Three note too entire responsibility serve learn executive. Own man stock nation rest arrive. Piece special dog economic chair at. Rather evening thousand.
Performance take wind explain crime occur.",777,a1c9f0d9-5b13-4997-ae99-6421a2b90744,14f0e198-df84-40a2-8d0f-4f735b7d4d66,30adc25a-ff5c-4832-927f-bae192f2b2f9,3,2024-01-15,536
17f60af5-e2ca-407e-b450-8faf27da72d1,Angela,Perez,ehodges@example.net,(591)803-9621x0661,"65498 Victor Roads Apt. 923
Stevenborough, WI 06198",Michellefurt,Saint Barthelemy,1967-08-08,94b94650-b870-43b4-b771-cb2a1d51fd3d,simply,Source itself sell suggest significant. Statement simple improve figure recognize season commercial. Bit watch know occur behind never.,257,16739839-f6a0-4801-9f92-2527ac7ce216,cd86d534-baa1-49fa-bbfb-82f00d6c6a55,36845759-4702-4545-8daf-4df0f287a80e,10,2023-07-07,485
decfe166-0f46-4dd1-a93f-010ff2759ccf,Theresa,Montoya,christytucker@example.net,932-526-8754,"8500 Walker Viaduct
Port Seanshire, MS 25891",Port Kevinhaven,Palestinian Territory,1972-10-21,055f1d1d-37a1-4aaa-bdc7-917ff31405cb,imagine,Consider modern floor three issue clear the. Official save kitchen machine catch society simply.,946,bb6c8795-b81d-475c-83a6-dd1cdf620b32,cc6b908b-31b2-4f4c-83f4-161e8166ed6a,68d137a7-8a3c-4396-b8f2-4d5882a7c858,10,2023-08-27,928
2d56a6a7-8146-4ac3-abab-9750100435b7,Latoya,Edwards,jsmith@example.com,(804)201-1870,"9377 Joseph Manors
Lake Bianca, WA 05273",East Laura,Thailand,1984-03-13,690a6c91-1d3f-4698-a7fc-cdee7205b65a,another,"Occur study president. Fly hold us among. Common across with health best agree able.
Situation morning of fire sign much rate. Marriage decade west television woman.",134,4da57822-696e-4b87-8cc9-eff9cce286cb,5a0ea1b9-9cbd-45b0-b9a8-516be7baf6f7,96c426e0-bd51-483a-913d-cb190e50202b,3,2023-12-18,570
8fb3cf74-0b28-476d-85a2-759b3dd1fe8c,Christopher,Miller,johnsonmelissa@example.net,8668052277,"921 Kyle River
Dyershire, MH 15647",Lake Kayla,Angola,1965-04-03,4f3f99de-4e8d-46fe-bd69-d90e99badaa1,create,"Two husband current hear. Production cultural mother put level street truth.
Beautiful full account certain herself quality. Debate cause teacher.",946,b499ff6a-8876-4f16-b651-2f14c6768365,76d98167-7896-423f-8c14-cb161f3a2061,5a27ac9f-ed4c-44bb-bb32-7df7428c5050,1,2023-09-07,217
624a0b68-8971-4fd4-a003-b99edc8bc23d,Jeremy,Kelly,rachel75@example.com,828.460.1767,"USS Lynch
FPO AA 47697",New Annaborough,Isle of Man,1977-01-13,726b5bc2-a670-47c3-9ed5-1cd8ad9602a9,treat,"They recent step about miss middle. Capital since public draw agree life structure.
Those movement ten collection stop involve. Type new house land. Quality whose follow member bad white seek.",279,cd202a5e-cf09-4e00-b7b4-2984e12f4061,e1b04b20-c79f-46a9-93ad-9ec8e9db1c44,cc212c84-88da-4d33-aabe-28b27f558d74,8,2023-11-07,536
6bb3fbcd-6b6d-4400-9a5c-a06673aa4e4d,Daniel,Wheeler,owensfrances@example.net,561.842.0154,"208 Joel Valley
North Christopher, WY 41265",Angelborough,Singapore,2000-05-06,f2703ee7-ae7d-4b46-8b3d-00656c0e0b71,then,War office together why structure dark. And myself policy human space professor visit. Brother the religious PM able benefit.,963,485eb2e1-258f-491e-83f5-8224488a2629,ba05107a-dbbd-4c71-9c99-3b7f5e248c23,e63da1b4-ad06-476c-9ea0-104d7d8ce8aa,10,2023-10-23,470
ae065fc9-3ad3-4bd5-b0d2-0aa72a738048,David,Smith,victoriaellis@example.com,925-710-8066,"7822 Fleming Springs
Victoriaton, ID 77609",Justinhaven,French Southern Territories,1954-09-06,0a660884-ce6f-4acb-a657-9debb06f6cef,old,"Task feeling enough decision claim though. Process certain resource imagine sense security run sell.
Score once education possible. Manage step I example minute space. Young including feeling range.",899,2c500f5a-a2fe-4c53-937b-41f428bca798,b074692c-c336-4981-ba90-7b61c7bd4927,e63da1b4-ad06-476c-9ea0-104d7d8ce8aa,2,2023-07-12,485
cceba67c-3077-475d-b8a3-1b182e7ae336,Kyle,Rodriguez,wesley71@example.com,001-985-564-2330x073,"Unit 4590 Box 1994
DPO AP 45039",Davidsonview,Tunisia,1998-08-13,987fe5fe-ebd4-43d4-977e-89c304432c52,certain,"Light stop maybe form. Phone one book physical lay something later yet. End rock attention chair.
Strong daughter study hold one. Medical fine town various protect million. Every car now.",129,3ac88bb5-9fad-4714-b905-231215f9d235,921e20c5-7180-4484-979d-47388a078aec,ed43b04c-9f82-490c-959f-344a5049612f,10,2023-07-27,777
2368c273-0b82-47c2-9d32-46cfe7ed47cf,Richard,Cole,briana18@example.org,(365)987-7930,"49884 Rhonda Land Suite 675
North Monica, WY 19736",Port Yolanda,Nigeria,1958-03-10,29b97031-0112-4941-ac50-d92ef54c5bec,hand,Face why close family require past. Ball oil never attorney you owner. Culture science without mention hot.,392,2c01aede-3427-4044-a4b2-9fbe04617edf,9e343a0d-0198-48f9-9d24-9d7ad8d83ee2,969f2b4b-837b-4a53-81b2-d047e738bf2a,7,2023-11-02,899
7567aecf-28eb-4710-baf2-675cc38df540,Kaitlyn,Yu,davidburns@example.org,001-519-950-5940,"3227 Combs Flats Suite 683
Kimberlymouth, DE 89156",Sullivanchester,Jamaica,1992-04-27,d06a3b53-4e7e-46c4-adc5-32c96c650e23,community,"Employee culture section pressure space floor million. Police cultural decade keep agent glass.
Professional never thank approach nice health on. Program you account six.",101,8b9ad5fc-5395-43e1-971f-e94a1557a9f3,5e560ccb-c694-4060-b158-681fabe7f536,ac9405f8-e9e2-4ccd-a0c7-3e70eee9d6d3,1,2024-03-15,55
000259d6-0cd7-42a9-94b8-55d3b88b8792,April,Stein,thomascampbell@example.net,+1-357-403-4055x8202,"807 Ross Drive
Spencerside, NM 85852",East Joshua,Iraq,1961-08-15,74485f3f-84a8-490c-8cbf-a6e7313894fb,school,Hospital view apply might picture. Loss send these after education begin. Section PM factor box teacher.,266,69c3d91b-9ffe-4d28-bc05-191aa1f7944e,c963bd72-b55c-4995-a9c9-29df68df9f68,0ee11fcc-2ac3-4844-8ba1-0fccc2be4345,2,2024-02-14,152
805aa589-2a01-4d93-b61e-6a88b80ed372,Karen,Mcclure,paulamaxwell@example.org,(618)721-1483,"3799 Odom Vista Apt. 641
Kennedymouth, IN 38149",Sanchezstad,Burkina Faso,1997-12-11,33e5d9ed-754a-4633-adda-dbef88ae9a82,special,Admit industry necessary talk some even evening.,589,fe6c543b-fe39-4180-88a5-c14cc6da12fc,f6822ba3-cf33-4099-bbe4-7f57ebf0624a,ece92755-24c6-4ea0-8468-cb1ada6280fb,1,2023-10-28,92
1cf5263b-1efd-47e0-92fe-7e65261b4d41,Elizabeth,Soto,xmedina@example.com,926-329-2339x8479,"778 Pierce Ferry Suite 583
Port Gary, NH 52556",Shawville,Czech Republic,1969-03-15,b9572a1d-5f2d-4605-9ed5-7eb8015ad500,study,"Door quality practice. Spring cell direction will body instead. Try lot subject point.
Clearly push six pattern. Window run record condition wait rise citizen.",143,0850576a-c199-486f-b4d4-4af4f138a0f0,14f0e198-df84-40a2-8d0f-4f735b7d4d66,f7272344-b84c-4717-a359-1d6b96648192,9,2023-05-20,934
28ee8a2e-2cca-45d8-8181-6965f4f17937,Cody,Stewart,jamiehatfield@example.net,(926)816-0540x234,"7613 Melissa Lodge Apt. 861
Lake Jasonview, PW 90425",Jacquelinechester,Honduras,1956-12-19,31babc0a-a15a-445d-bb7f-942eaef5949a,like,"Force see issue back shoulder shake. Career eight Mr just.
Us ago interest other hospital nation where. Amount number wonder thus loss. Wind room evidence allow.",641,dafc0ebe-0fe7-431c-ab83-d44cb0b47808,2e942d70-558f-4b37-b6e4-4c31aceb41ac,a5eb3afa-9923-4a92-9c70-1f487c3fc33e,4,2024-01-04,476
3d4820b3-3dd0-4202-9ff5-7d891e150205,Cynthia,Ortega,amystokes@example.net,(648)963-9055,"Unit 3001 Box 2403
DPO AP 62410",Lake James,Guatemala,1995-03-06,6f9d205b-92bd-4716-9982-d13c0c2dd6c9,religious,"South defense star war.
West sell few and total its. Affect job enough left structure particular.
Term could describe high three your. Lose skill fine wonder move edge.",989,1833b8d8-99b9-466f-a5db-11df705f1daf,f3aa6428-0a5a-4149-b9f7-b3db773f64c2,70fe281e-72b1-4d59-be5b-e24d16048309,2,2024-04-18,547
1c57e025-54fa-4f04-857d-759cfd0e2e6b,Elizabeth,Nixon,jonesjasmine@example.com,558-765-4020x36213,"11566 Christopher Radial Suite 483
West Timothy, NC 08761",Reedberg,Tanzania,1960-02-02,e70be1bb-9004-4955-ab52-d444f99a47db,night,"General although career drop course. Put shake value food next design figure.
Read address speech political by. Serve really pick dinner just get shoulder. On fear story old.",791,bf9a2b7a-183f-4286-802d-b07a943aef23,1c57e025-54fa-4f04-857d-759cfd0e2e6b,9b019906-64aa-4bdf-ae8a-778170b8df97,9,2023-05-16,392
11399584-cb9a-4a80-8f8b-6433b7855697,Heather,Tucker,matthewjohnson@example.net,878.696.5721x17114,"3775 Silva Trafficway Suite 362
New Jacquelineshire, ME 22813",Sierraland,Niue,1974-12-17,af6660f0-5c85-4a7d-8a4c-c6ea757baa60,film,"Available tough same. Care least their body most near until.
Interview score still people no however ok. Cost strong sing buy add. Heavy level teacher.",292,cffd1259-4e63-4c66-b784-d38720a38bda,ae065fc9-3ad3-4bd5-b0d2-0aa72a738048,6f9d205b-92bd-4716-9982-d13c0c2dd6c9,6,2023-12-23,169
d4fc6fbd-0043-46a5-891b-8ed913e25f5f,William,Barnett,morrisbrianna@example.net,232.379.8300,"99957 Anderson Overpass Suite 716
Grahamhaven, MT 18952",Lake Marcport,Saint Pierre and Miquelon,2003-10-23,18b66516-0c9a-438a-be65-9e002fed57d9,church,Glass participant hotel environment parent cover fast. Southern everybody discussion hour heavy.,697,a4ca6252-4bd5-47bd-ba2e-5bbf0806b1e1,14f0e198-df84-40a2-8d0f-4f735b7d4d66,f8d63cb8-dd9b-48f0-85af-f94b19d5b640,4,2023-10-14,476
343286c1-7a82-4e17-801e-1655019e4ea1,Tracy,Jones,sabrinarogers@example.org,(311)595-9318,"51754 Hernandez Turnpike
Lauraborough, MI 10049",Port Codymouth,Tajikistan,1972-09-21,379bc63d-b466-4ac3-b219-aca40185fe0b,by,Similar campaign at trouble forward require. Near writer movie son know rise compare. Simply statement hair employee relationship half north. Six scene full travel deep body discuss.,217,620b932f-5d40-4add-858b-e639c71365ee,0050a49a-edd5-466f-af47-b9b11571fc5e,ce78e280-7ba3-4a21-9c17-6a4b5479dcdd,5,2023-10-16,245
e35c90b9-ffc4-4650-b945-b6bb9f9e668f,Stephen,Hunter,ralphmoore@example.net,+1-857-665-8347x9157,"507 Chandler Lodge
New Kevinland, WA 84382",Ryanview,China,1959-11-19,f8d63cb8-dd9b-48f0-85af-f94b19d5b640,relationship,"Apply easy agree film everything. That want in turn by plan.
Attorney they democratic worry pass subject. Find benefit dark close nor board how. President fund begin.",557,ec81f582-f661-4efe-96e7-ea8a1c6b1c94,340a731e-2552-4c7f-997e-6cd3744b838a,5a27ac9f-ed4c-44bb-bb32-7df7428c5050,4,2024-04-03,18
dfaf469f-19ce-4fe7-aab5-881f0f45811f,Gregory,Buck,hubbardjames@example.net,001-521-482-8416x513,"4740 Rich Park
East Meganland, DC 69598",Port Brittanyhaven,Romania,1982-12-28,4f14348a-c7fb-4aec-80fc-9c89e1a25f10,the,"Focus pick industry themselves. Strategy information Mr sign make control hotel.
Hand different number show reason station exactly.",491,facb3f1e-e612-4b19-898b-d33f3432bf5f,921e20c5-7180-4484-979d-47388a078aec,a6102315-a3ee-4d61-b824-3c04c1a3fcf2,8,2023-07-31,431
a2982c13-5e51-4417-a1f1-4ecf978fa6cc,Lori,Fleming,basstyler@example.org,001-344-943-3850x3047,"1536 Roberts Land Suite 751
Marytown, MA 85214",North Emilyshire,Myanmar,1953-06-03,a22706ea-918d-46ea-a970-e81528be0e11,suddenly,Simply western music find. Especially car medical finally expert however mention. Order cup seek government main believe.,283,82019a7e-e73f-4f35-85a2-ca8683c6817a,c417ad22-023c-44ed-8a52-54af9678e156,c67cd2b9-288b-450a-a4ba-7a3896466ffd,8,2023-11-03,65
b7793096-5c8f-411c-ba77-6aef2c9a30e8,Kevin,Miller,hillbarbara@example.com,323.906.0644x95163,"9738 Alexis View Suite 136
North Joshuaberg, CT 74278",Port Jonathanton,Aruba,1978-01-11,223a9937-461f-4b1f-90d9-1bd66c6b75e3,either,"Rule purpose enough family environmental. Development arrive mind send heavy.
Son wait floor cost. Step lose forward skill involve opportunity ask. Price while institution blue.",571,37116d83-3388-47b5-a54d-781ae93eba1c,5c53f451-9c65-4158-ae63-b986b3e6e633,36845759-4702-4545-8daf-4df0f287a80e,10,2023-09-29,190
612f7956-d0d7-4201-992c-6b98e62d9eb9,Kiara,Sullivan,dcunningham@example.com,001-909-288-7775x5537,"92722 Lewis Wall Suite 136
Michaelfurt, LA 63273",West Krista,Hungary,1990-03-30,b082510c-e1e9-4d68-b822-399d9e8f4e9b,same,Amount line dark identify democratic difference decision. Simply true consumer summer similar.,636,41c16b46-7f11-40d8-9ff3-f8464c34c422,fbc9d968-cf96-4873-9253-fea0ef095fb5,4266dfec-defa-42ed-94e1-6849a36ee89f,9,2023-12-20,111
b3d411e4-c355-4ae4-a7ca-382163e01f07,Tiffany,Richardson,gharrington@example.org,(839)714-5361x53967,"064 Donna Plaza Apt. 423
West Markfurt, PW 78265",Lake Jonathan,North Macedonia,1980-10-03,e7c8817c-05ae-49c7-ac2c-ba67474ac658,others,"Simply pattern week.
Economy fill most debate majority focus. Option woman line free if clear.",653,23965540-8074-4ed0-ae02-e891fc80bd5b,b6112713-f537-47ea-8701-30e07f8b2af7,887ed4fb-127a-4226-9275-801f874f4213,5,2023-11-12,283
14f0e198-df84-40a2-8d0f-4f735b7d4d66,Brianna,Dunlap,karenmoore@example.com,891.911.5927x5675,"686 Thomas Plaza
Jessicatown, ME 98569",Cassidyshire,Somalia,1958-01-20,13745d1f-26c5-480f-bcaa-958d972927c3,act,"Song indeed get available. Clear difficult customer image.
Fast machine administration. Yard learn majority maintain major them seven Democrat. Push environmental painting every well.",177,da6d89f6-27b0-40b5-b7ec-86cc2f46fb7c,0072013d-2055-421f-aaad-55d8540ddacf,637f080d-6bff-423f-97fc-7ff6d7202f28,8,2024-04-23,570
a9e5c934-722f-4d51-ba90-9447e1e207eb,Paula,Olson,clarkchristopher@example.net,+1-643-711-0681x6991,"10661 Walker Dale Apt. 118
New Victor, SD 86474",Charlesside,Singapore,1962-12-02,8fe82be4-4348-4355-b6fb-5d8b2ef5be5e,anything,"Project high whatever. Activity someone situation idea garden oil reach.
Education if imagine mother country. Risk already hard southern project choose.",570,3136abd9-2f51-4f11-b069-2b0a6b7a1b66,42780a7b-3785-445a-91cd-f3384ecbfb98,ced76824-f7dd-4b26-b061-418040fcc405,1,2023-11-19,636
ba05107a-dbbd-4c71-9c99-3b7f5e248c23,Paul,Jimenez,vproctor@example.net,780-232-0894,"1756 Mendoza Vista Apt. 976
South Laura, GA 74225",Hernandezchester,Comoros,2005-08-06,a6dc6c4c-b7a1-41ed-84c8-de73dd2ae1dc,ready,"Nation near thank drug may involve music.
Card accept cover remember significant health. Term friend tend similar. Character see civil catch.",477,3a40bf69-a07b-4551-9de9-0f18ad9f1803,cceba67c-3077-475d-b8a3-1b182e7ae336,e70be1bb-9004-4955-ab52-d444f99a47db,3,2024-03-08,937
ba2fb64d-2698-46b1-abde-a81caed1987f,Jasmine,Welch,michellesnyder@example.org,001-227-485-7852x948,"4210 Joseph Coves
East Matthewberg, DC 52171",West Courtneyland,Sweden,1995-03-18,a6102315-a3ee-4d61-b824-3c04c1a3fcf2,laugh,Hour all first heart. Development both huge career with cause. Size it during picture painting tree list.,620,b0109c21-ce10-415b-92fd-c3158f9c8529,ae065fc9-3ad3-4bd5-b0d2-0aa72a738048,7483be80-8d66-4a43-b166-ae3e4d1bfa60,7,2024-01-03,392
2b904435-2cc1-423c-a488-0ceb7d40f3a7,Wesley,Kelly,bradymark@example.net,755-899-8961x04806,"28815 Roberts Ranch
West Martin, SD 66403",East Rachel,France,1948-02-06,384aebe8-d426-4e50-9a71-5e22756d2903,long,"Prepare represent others executive. Live energy center single. Serious model adult somebody type.
Of writer debate not image reality stuff pick. Move recent indicate.",987,ed1469bb-0b4d-449d-8806-0ac8c9a3c1dc,4eff4bdf-d856-43e0-97d1-4f249fff0b19,31babc0a-a15a-445d-bb7f-942eaef5949a,2,2023-11-05,707
